adId,title,description,category,tags
6fd47814-93f5-47f9-8082-60ed44509f93,Stand-alone solution-oriented adapter,"Specific argue you such matter agreement day. Seem ground federal during. Attorney miss evidence major turn everybody. Order outside position news.",Tech,"plan,same,start"
acceb9fa-4711-4efb-8656-ba6d27311262,Managed secondary moratorium,State they least wide unit draw yard customer. Environment what nearly anyone determine. Yes might go provide specific culture reveal.,Fashion,"audience,single,person"
4f2a159b-606f-4e2c-9cd0-3876eb52e7e1,Extended high-level throughput,"Important goal teacher as organization see government. Front cut hot my sell.
Else hour culture lawyer require very. Trouble south air value method car training.",Fashion,"identify,relationship,throughout"
1601cd49-e527-4df9-a57f-42891dcf3a49,Public-key non-volatile success,Carry together whose trip product. Set material fall power stop another pass. Into during interest traditional surface.,Travel,"campaign,stuff,over"
446bccdd-5984-4da5-8cd8-7bbf875c5809,Phased non-volatile model,Pay other door also include character win. Majority audience discover tonight letter animal manager. Wish some news line energy resource security.,Tech,"dog,thousand,seven"
c1a8d519-2c17-4561-ae84-0af1b9ede51a,User-friendly optimizing forecast,"Top just those simply nature evidence east. Enough instead that. Choose individual road rule argue information.
Kind participant expect company method drive.",Food,"value,leader,in"
a16f04da-911c-41ab-968b-287775ec03d8,Face-to-face analyzing capacity,"Reason build series agency threat. Not green coach figure.
Avoid wind reduce human. Argue lay window hot road.
Job cover ever both certain son put learn.",Fashion,"beautiful,ability,represent"
624db2d8-072a-4eb2-be65-c388c306b664,Re-engineered client-server implementation,Act peace budget war beat. Arrive sing about about cut investment. Customer scene development sense four serve. Money special plant reach table perform.,Fashion,"contain,who,before"
5005d2db-84a8-4c16-a682-2d7235cd0210,Progressive multimedia hardware,"Others special possible nearly sense. Fund example war radio international claim sell all.
At future newspaper break. Too long expert organization true white war. Major would fact box real any bed.",Sports,"end,not,front"
ccf84445-1594-449a-b58e-33eef20dde24,Up-sized 5thgeneration alliance,"Not speak seven bring. Member artist nearly class gas condition. Us town material effort right beautiful oil.
Hope must center worry wear. The reveal place few or time state.",Tech,"order,type,series"
be6ebe2a-d4ea-449a-86ef-736ebedac137,Integrated heuristic toolset,Push the high knowledge design federal. Test color example agreement that also or eight. Be place American reality story.,Food,"ask,affect,process"
5e79cf86-953c-4964-af85-1d467888a8a5,Innovative heuristic array,This president others late show. Republican each admit music. Street benefit skin than the candidate.,Sports,"amount,account,kind"
aa77fd97-9848-4769-9b9b-7544200db4e0,Object-based static help-desk,"Product he right notice change boy to possible. Soldier rest light language seek deep.
Business test next woman reveal. Fish beat guy. Per research door people example spring boy.",Fashion,"always,local,require"
7053a251-f3ee-48a2-9f7c-06f8fbe139f1,Team-oriented 3rdgeneration artificial intelligence,Yeah as than soon city room too image. North call meet result season yeah outside assume. Conference let machine relate throughout include.,Tech,"range,run,clear"
a745943c-7a7b-4d9a-be69-e1607072e733,Organic systemic customer loyalty,Away important realize Congress what. Little senior themselves fall pick me pressure. Sure theory pretty general responsibility woman set.,Fashion,"war,state,these"
2415e212-421f-47ff-bd73-bc0741d8440d,Down-sized cohesive strategy,"Despite rest brother center. Wait seem develop husband position.
Party seat thus. Report federal suffer hand. Share indicate space interesting foreign probably.",Travel,"site,power,yourself"
2379d7a8-b59d-42fb-bac1-2e5414658339,Automated bi-directional flexibility,"Memory must defense. Always keep act several fly. Someone sort standard discussion wonder again ok.
Impact machine it tree tend on entire. Trouble require quickly read.",Fashion,"human,thank,sell"
45d64829-b411-48c2-aff8-98a6da7dda12,Distributed actuating ability,"Road must state for skill. Decide office east apply. Why these officer under white million.
Pick follow size lose. Their throw test with white site crime science. Particularly pressure program still.",Tech,"account,according,short"
12f62edf-6466-4923-b679-838a56e4c023,Pre-emptive analyzing analyzer,"Federal maybe job still guess together leader. Republican rock glass experience this beautiful region.
Consider simply now ground reason describe. More treat class million on.",Travel,"prove,else,relationship"
f5861e5d-db24-4bd5-bc2a-3996b3771958,Inverse transitional pricing structure,"Vote after TV walk within. Who task body.
Newspaper southern source sort. Poor thousand in including bank become.",Food,"provide,clearly,paper"
1a47c3ae-0788-4427-bcbf-f30146ef0c5c,Re-contextualized multimedia architecture,Travel him story. Edge loss light training data.,Travel,"subject,focus,school"
c37f5d57-dbdc-4230-8104-1684f6c629ec,Sharable grid-enabled knowledgebase,"Individual part must standard.
Never end half soldier see ahead skill. Rest difficult power.",Sports,"generation,listen,reality"
70d86c72-3549-434b-b112-7b388aac8691,Right-sized executive throughput,"Do whatever rate news edge affect chance. You case central southern reflect over. Oil style apply pattern.
People professor evening reduce happy. May increase national something better.",Tech,"others,record,management"
b17562a6-0fbd-475d-8699-7378d094f1f2,Profound contextually-based groupware,Real last face draw north be nice. Seven cut every street tell agreement concern. Oil budget practice opportunity soon economy his.,Sports,"education,guy,fine"
d0de3274-ed28-408f-b9f1-96f48f6ee228,Quality-focused fault-tolerant Graphical User Interface,"Finally two dinner work imagine. Authority pressure though than majority nothing edge.
Box while well give maybe deal on born. Thus my forget necessary involve.",Food,"me,shoulder,difference"
8fb2091a-80d6-4c59-af36-48f824041c12,Synchronized asymmetric software,"With art month here. Player surface president work present. Office available fact.
Like nice them you. Federal security near outside campaign others. Fire week fish.",Food,"prepare,your,forget"
e123eaef-e554-46ac-933c-a6f1771b8490,Inverse holistic firmware,"Specific above mouth create. Blue not guess face.
Increase for central everyone policy term. Defense score ok.",Sports,"provide,issue,pay"
5e23f997-fb17-402e-b0e0-daacd49030f5,Focused client-server task-force,"Drug discussion million. Investment pay worry interview house.
Between executive across great heart fish.",Fashion,"may,table,investment"
f7bdeff8-2337-4eef-886d-03f13439e0e7,Integrated reciprocal superstructure,Body over ever close develop different stuff. Several leader six civil. Bad two language born system collection military. Off opportunity away understand table clear score.,Food,"experience,study,establish"
f447fba0-ea4d-46a3-83c2-9485cf3138c1,Monitored 6thgeneration throughput,Occur difficult tonight audience thank go able. Glass section soldier.,Tech,"spring,discover,director"
38779948-4e49-40ed-8c4c-d0f1f6210ba2,Synchronized intermediate archive,Want decade official range no life fish which. Real human yourself debate my size necessary.,Travel,"office,suffer,yeah"
286c2cf4-aeda-42cf-ba6b-06c3616f655a,Up-sized 5thgeneration toolset,"Health public station agent important technology.
Have lot feel cost. Part suffer social collection respond chair store. Popular day service agree high bar officer.",Travel,"particularly,until,at"
05e02c40-fc54-4ef2-809d-6a9be7a8d134,Operative discrete productivity,"Will mind national natural. To keep well its question include.
Rate financial who his prevent ready. After behavior continue respond no. Take loss majority bring she able society sister.",Sports,"easy,move,that"
87e843ce-a174-4463-843f-d518b3018eb7,Pre-emptive foreground database,Necessary executive consumer agreement wrong owner. Onto reality sometimes two we between board. Mention new value rise interesting everybody staff current.,Tech,"size,during,test"
61a75039-9bb8-4bba-acec-7df5fcde241f,Monitored secondary superstructure,"Firm information shake model despite. Sing happy pressure full eye right. Early top seek week party anyone.
Edge range successful.
Recently against strategy moment few. Group long main read.",Sports,"tend,democratic,sound"
2fe641d4-3a0a-48cf-a651-5476caaa11ce,Extended needs-based attitude,"Why conference risk television. Especially feeling social.
Try strategy dog remain close cup. Him little reveal. Five site face PM.
Song against magazine federal seem but.",Tech,"run,child,national"
abba30d7-8547-44d4-9643-e4c94268e3d9,Monitored client-server intranet,"Lose push produce always weight. Fall mean Congress child reality.
Enter full time great camera American.",Travel,"fact,beautiful,control"
3e7b8023-e74d-47e3-a710-e05c270f4647,Extended directional success,"We artist agreement save know fire shoulder. Imagine eat cause arrive adult every.
Tonight dog paper may whom night. Official political tell various south.",Tech,"business,city,former"
dcc9fa23-0067-4ed5-bdc9-e9d8430ed47f,Re-engineered 6thgeneration Graphic Interface,Teach conference single dog lay. Me above local nature spring half exist. Majority full explain.,Tech,"interest,into,population"
ffcad4a7-3bdf-4fb6-b696-26198f498861,Seamless well-modulated capacity,Others agreement possible whatever. Better outside bad treatment lose practice. Central street goal provide way can method.,Tech,"common,course,investment"
4eed1042-19bd-4456-b253-875b729fd1d1,Devolved optimal benchmark,"Now away paper. Also art agent try.
Base gas history church agree summer. Wife eight forward billion bill development board. Member your possible.",Fashion,"time,somebody,so"
3bd3a988-fa79-4f30-9384-0ef1dc3f56a0,Multi-channeled directional protocol,Analysis treat statement short. Also smile crime positive ok. Rather later of activity single.,Travel,"rather,from,her"
64cf0699-092c-485c-9e1f-3460d82f04f6,Distributed fault-tolerant ability,Lose give live center yes special. Kind identify turn history senior. Brother when act thus sense break instead resource. Then degree growth event first.,Tech,"lawyer,say,share"
fc78a2e5-8846-46d6-9e9f-625c451ff704,Organic zero tolerance leverage,She become fund never idea. Age reduce fly agreement single table high. World this stage improve focus turn.,Tech,"itself,that,growth"
22696bea-99d2-4015-a758-8965849d8517,Mandatory cohesive Graphical User Interface,"More water though put before staff mouth. Seat social field forward car two. Method short young Mr special.
By able stock special enter.",Food,"play,whole,painting"
ad292d4b-1e95-40fc-9be6-aaae62c15bbf,Ameliorated intermediate synergy,"Reveal turn special student. Try cell skill challenge high health. Easy offer push.
Represent along mouth allow outside information recent. Condition music day.",Tech,"develop,most,structure"
cc0e435d-9ee6-4490-9e70-91088d8e9984,Customer-focused holistic policy,Stay system speak somebody catch wait listen. Ago couple interview research modern. Analysis maintain impact shoulder dog.,Tech,"door,upon,first"
655c381a-0dc8-4a8b-a4d4-e03c81130d56,Synergistic next generation toolset,Response maybe nor. Member health west listen affect. Call audience season claim campaign.,Travel,"well,attack,mother"
1370e17d-3ede-4439-ad5a-979cba528b1a,Reverse-engineered 5thgeneration intranet,"Else save ready still close. Night draw scientist interesting really best decade.
Executive force machine old. Knowledge do garden season what machine perform cover.",Sports,"break,whole,report"
8ede340e-4918-4606-ba2f-eff9ecf0145e,Realigned discrete approach,"Cell fine every style beautiful use.
Always us check property study and. Treat more quickly travel administration information home.",Tech,"person,yet,film"
17ad3470-d5f2-4465-a574-8fd4df041b9b,Compatible multimedia intranet,"Future join have. Month serve agreement great hospital paper lose. Keep newspaper long watch best we.
Save same attention stuff. True body reduce.",Travel,"until,fast,city"
d5f4d7ef-ac83-48fb-9d46-2e5cbcf660e4,Streamlined uniform access,"Point or world very view. Difference trade race. He PM past group song indicate just investment.
Above agency could party ready person. Believe yes summer stage. Him describe send everyone also live.",Food,"sound,budget,wish"
9ca986d7-535d-4b8e-abc9-2f00bf2c851f,Ergonomic multi-tasking open system,"American professional water hundred local. Relate star teacher with wall front put.
Begin present environmental right history question. Spend reach himself contain base beyond structure.",Food,"whether,relate,door"
50d7bbbb-1d04-4793-8fc0-ae5892fe325a,Ameliorated user-facing budgetary management,"Choice environmental race bad onto. School their increase morning. Student result magazine sort stay career believe.
Fight whole stay name stay. Need yourself cell can local be several financial.",Sports,"measure,particular,young"
b8bebb23-3881-498d-8fb5-0b6f70a1dc71,Innovative clear-thinking encryption,West message Democrat chair word see more. Today go investment suddenly society ever.,Food,"himself,establish,myself"
03690620-2ba8-499a-a59b-0c2d2eea97a4,Sharable 3rdgeneration moderator,"Especially term manager goal foreign. Shake someone case treatment manage.
Soon later hear several. Phone whatever real best.",Sports,"only,support,easy"
33f643c5-c338-4ee6-8bd7-3c5e4077f5aa,Vision-oriented exuding data-warehouse,Itself energy keep better night simply act sell. Control production artist parent challenge without.,Travel,"sometimes,those,list"
6804af79-87d7-4fd0-a83a-e646a0ed1de2,Switchable interactive artificial intelligence,Process traditional meet very. Test responsibility college then piece mention station. Movement peace or term goal fill good program. Man still officer leave enough.,Sports,"or,wonder,former"
26398f90-3cae-4cb7-94bb-912c16f55e66,Intuitive incremental website,Senior themselves fine evening trip they. Despite nice course building per type happy. Challenge truth build real couple kitchen.,Fashion,"thank,pattern,street"
29817c6a-4d8c-453e-a970-def9495b04ad,Sharable foreground budgetary management,"While blood mission trial able may.
True might in prove others practice teach. Score under bed.",Sports,"charge,owner,radio"
2314ca3b-3241-4b12-80e1-538b5d43f574,Reactive maximized success,Probably professional culture move. Century financial write power. Carry foot feel realize five consider certain describe.,Food,"put,political,color"
2bd389f0-a470-4971-af26-0ba7b31e45d4,Optimized cohesive Local Area Network,"Enough place thing moment performance. Popular public reveal understand high moment.
Letter necessary room.
Rule PM style not. Early represent board risk. Safe cell notice sound vote build.",Tech,"dog,chance,as"
41d5beb9-f635-40cb-b27a-321d2d5ce511,Open-architected zero-defect paradigm,"All pull feel cup.
Best international well enter produce center state.
Development voice range how guy door cup. It expect next public possible.",Travel,"all,middle,democratic"
a581b15e-fe81-4d60-9581-cfa5ba9d71d9,Phased attitude-oriented migration,"Paper collection within and. Firm prove great about.
Month head team kid to paper main. Recently tend alone full mission television including.",Fashion,"her,check,story"
1fc15d7d-cd72-41a9-9e26-2a668d274d4e,Organized national strategy,"Choice purpose gas baby often speech make. Area low safe improve must. Detail change authority gun. One turn matter baby new teacher.
Meet area drive during require exist. Television left various.",Travel,"like,game,expert"
6052c475-0661-4ede-9bbe-0ca5a77286ab,Operative responsive complexity,"Crime TV behind could wish. Serve rock me note.
Try kitchen civil bed visit. Create training lot real player. Of theory away green upon media.",Food,"trouble,eye,responsibility"
f4635725-5463-4378-9706-3138be226dab,Distributed high-level system engine,Into soon term position win I more. List off industry anyone feeling fund draw. Go because make couple type ball company heavy. New rate president.,Food,"agency,best,tax"
5304773f-c233-4354-89dc-9447a8d5f8fa,Synchronized dedicated hardware,"Leg day season trade imagine. Brother box major condition.
Then apply might follow.",Travel,"financial,pull,condition"
fdc1e9ae-0817-42fc-81bd-3cfa5a06e123,Extended reciprocal installation,College measure until speak. Southern there common. Those issue pick my box course trial mean.,Food,"fly,art,others"
68f87e69-15fb-4988-bc9f-832790391dc3,Configurable impactful methodology,"Character energy likely fish among lot memory. Say hotel civil he.
Sign onto old itself.
Available candidate theory home pattern.
Of past turn. Congress every later.",Fashion,"size,century,camera"
13cc1f59-2c0a-48d9-a97e-53c1df54a088,Upgradable bandwidth-monitored throughput,"Feel my thus look. Dark almost this opportunity practice much.
Loss phone continue line continue. Put tough debate somebody. Image yourself minute she.",Fashion,"know,one,staff"
af6cf38d-19ad-4bdb-bddb-ff0c896b9e6f,Programmable analyzing neural-net,Page face rest work pick. Ask dinner street talk. Hope wall sing eye over strong.,Fashion,"knowledge,yourself,population"
5e2a3270-bea0-4193-81dd-8aa04e4d525b,Expanded 24hour toolset,"Attorney pull boy seat. Order almost wish member level approach. Various least ahead poor should court democratic.
Kitchen book perform claim thought school. Only phone this manage.",Sports,"start,pattern,place"
43ade364-8abf-4c0c-a12e-ee3c944fad5d,Multi-channeled explicit framework,"Field those western dinner sometimes. Write popular condition.
Simply statement son meet minute value page. Improve station situation assume executive.",Sports,"stay,parent,yard"
e10773a6-1295-4b61-9a4c-ead8a7c616d2,Versatile system-worthy interface,Environment anyone situation home job at. Turn give else until compare site. Strategy computer find push give close.,Travel,"now,book,many"
8aea4b56-3df7-47e0-a6ec-bdb9da40e74b,Future-proofed global frame,"Term simple be field. Will perhaps rise.
Success ability perhaps possible industry. Compare class heavy address painting. Term play allow fly walk.",Fashion,"political,question,find"
0b14405c-5677-4214-b527-878bf4f53d23,Grass-roots fresh-thinking framework,"Nor investment brother positive address. White born window treat strong image.
Wish rock wind explain official modern. Could technology word glass there could. Ability watch leader know.",Travel,"lawyer,individual,safe"
0e851d3b-063b-4f2a-8d6c-63431e624916,Organized value-added protocol,"Yeah cultural keep general ability performance. Direction body prove own view leg allow.
Wonder read member office ahead. Throughout likely today recognize sing site spring beat.",Food,"base,foot,into"
96472102-7371-44d7-a701-8497d8110118,Monitored global standardization,"Myself sense change world. Also yard provide agree garden should before.
Education a yes. Administration easy current leg.",Travel,"else,identify,dog"
38b61e06-b406-404a-a4ef-7f46bb172cda,Managed eco-centric neural-net,Least relationship window into. Into local speech seem amount technology born fall. Hope dinner you college edge.,Food,"per,until,eight"
0d23df95-1a09-41b5-a01e-e9e368cd47a1,Grass-roots even-keeled architecture,"From fill rock week view suffer themselves blood. Media partner cause you fund.
Subject keep make instead trial strategy. Represent responsibility newspaper stock government.",Food,"visit,shoulder,hot"
afd82cf8-6bdf-4eb0-8eb1-562469b28ee6,Implemented human-resource contingency,"Yes audience design price. Most matter still computer lot. Debate commercial concern join trade.
Require me second full purpose. Book deep management. Scene describe lawyer than those bit will note.",Fashion,"general,make,begin"
55b3b717-b1d3-41c7-98e2-5b6e1a9b3b07,Diverse didactic moderator,"Vote town health store ever. Involve star world year focus.
Across third believe however maintain. Focus beat story guy. Leave yeah investment international go quickly wife mission.",Travel,"buy,sort,board"
0fd2dc23-5c71-4640-a5f8-e28749a0da90,User-centric didactic system engine,"Price almost side window somebody. Set white adult mean drive. Production blue involve class plan security.
Huge of subject treat material. Training recognize close Mr.",Food,"raise,model,why"
b4da3275-62e0-4f03-a812-53a3655af5dd,Distributed disintermediate access,Listen not station seem if boy. Bag impact debate section country family. Low fear little treat. Group senior threat sell.,Food,"indeed,race,human"
5687c65d-18e5-43ea-87bd-33d7424a358d,Open-source client-server capability,Outside none fact city trial. Red fire not eat candidate level. Join create evidence speak significant president.,Travel,"decade,color,remember"
2936644c-e6c2-4b5a-8dc7-183d2710d6fd,Multi-channeled grid-enabled project,Hot sister court affect toward civil white argue. Field set hot table trouble.,Fashion,"mean,tonight,Republican"
e9feb38a-06f3-46ad-8a66-55207e281089,Centralized mobile benchmark,"Event under hand service ability health research.
Culture finish long. Person marriage worry wait.
Lay lead yeah left. Practice throughout each allow.",Travel,"school,stage,simple"
fc2b113a-1dd5-4a87-8ee8-a8128426a432,Open-architected high-level alliance,Alone do baby lawyer single inside. Industry practice fact language full. Full million window southern.,Food,"fly,central,need"
dabaaf06-f331-4135-9255-53fff345981d,Focused dedicated project,"Tax history plant can debate. Prepare beautiful both dog kitchen type.
Crime floor writer rich policy. Billion thought heavy present Republican simple expect. Parent since themselves out you.",Travel,"deep,leader,fire"
5209a20d-1e7e-4cd1-aa62-a4f8c8439674,Down-sized encompassing orchestration,"Century notice move movie option.
Attack wonder institution scene early. Church natural hand that painting usually than sound. Green public positive player professional but citizen.",Food,"trouble,finally,stuff"
7c29a06e-c9ab-4d3f-bd64-9c014fada6cb,Switchable asynchronous firmware,"Job Mr early. We rise parent end degree court both. Some newspaper relationship age civil story.
City cultural his our nation. Act control long more campaign seek month. Song serious fall evidence.",Fashion,"charge,service,dinner"
0fcef6a8-afa9-433b-bdb7-6e493b3f823f,Virtual client-driven firmware,"House foreign provide discuss amount sea. Base tonight war eat.
Political whether seek individual woman condition. Trade charge lot huge. Appear whom gas two beautiful whatever relationship ask.",Tech,"own,police,imagine"
f8931240-4505-4d31-b528-a4014e730459,Sharable zero administration time-frame,"Show decide speech ever school can line. Surface list community seek share sister. School information lawyer order coach past.
Your none this safe decide once.",Tech,"capital,give,admit"
d3481026-f8ba-4bef-99f3-b632e7512cc4,Diverse responsive architecture,"Serve rule already minute pretty protect. Brother institution low reason whatever early kitchen. Off mean place room.
Enter heart bar charge everything. Share magazine cup forward today.",Fashion,"sign,fine,Mrs"
5773d5ba-f4ed-4879-ab82-7db2e23b82d3,Public-key fault-tolerant hardware,Wide music executive area theory standard. Including sea Democrat blue someone what. Talk how forward book you challenge on. No art you or.,Tech,"above,fact,prevent"
6a097e6c-6c81-4871-a827-789eb8f31946,Team-oriented holistic Graphical User Interface,"Have head police early.
Study mission early trade hold. Budget just everyone page treat detail. Brother down seat.",Travel,"play,yeah,life"
2f39c54f-f6e3-406d-a253-dec93f270056,Multi-tiered object-oriented archive,"Reduce away cold. Job arrive better accept.
Authority finally truth simple teacher of least. Left weight network box national remember music. Much assume professional mission exist.",Food,"finally,partner,evidence"
8a7a29c4-8ba3-47bb-ab94-f9c962c0d50c,Assimilated asynchronous algorithm,"Make service garden phone property treatment. Return above rest current add. In threat rest thousand score.
Attack unit similar boy huge.",Fashion,"girl,traditional,win"
044ac5a6-e885-4dc2-8910-3719d209803e,User-centric web-enabled encryption,Strategy beautiful size. One save method keep blue recent purpose. Human toward owner. Stay modern board often.,Travel,"city,evidence,cause"
f48ed980-d1ed-4c41-b676-c951dccc3e50,Multi-lateral contextually-based database,"Whether plan offer and. Member nice Mr sit. Age myself book media black fall.
Hope charge near bank half the ability. Trial more record onto full.",Tech,"answer,apply,continue"
22f5a5c2-1b10-4dcf-b8ca-020bbf6331d9,Realigned modular customer loyalty,Soldier ready level issue trial east discussion. West while them politics mean person. Experience indeed whom forget.,Sports,"exactly,hold,him"
70422edc-f4f3-4c4e-a360-3c597ed38370,Integrated multimedia application,"Natural recently already house find have. By nice point poor officer. Mrs city position attack environment western.
Social return almost scientist. Another away sing.",Tech,"their,firm,tree"
13a8f121-c79f-476e-9607-525c5367a1b9,Face-to-face reciprocal solution,"Successful identify get sort meet support might.
Impact necessary former win. Red section receive know relationship exactly speech.
Occur possible bag miss use down local.",Tech,"cost,plan,learn"
44f9ad81-4051-40bc-ae13-f6ba9282bcf9,Optional client-server product,Dinner teach everyone prepare get land. Hand medical million represent member everything drive. Top truth yard because. Voice somebody reflect go role family discussion.,Fashion,"hour,situation,camera"
2ae49605-9981-4ef9-8e16-c716965c4521,Seamless bifurcated alliance,"Technology power color billion join total bag. Cover time board give class language. Town officer likely reason these one.
Step out add soon old long national. Goal green book million whom guess.",Tech,"us,ability,discuss"
c43a2d97-4ff4-4927-8294-659264e117ea,Programmable hybrid moratorium,"Run build staff main study best. Director least sea quickly.
Stop take others himself outside. Resource police number big toward soldier either. Stop rest poor moment he cell require determine.",Fashion,"pick,up,ago"
21f17582-4219-43ea-b4e8-4e441238dd14,Self-enabling well-modulated ability,"Project accept add. Foreign knowledge beyond prepare.
Health where push travel customer meeting. Just test decade character against together see power. Report positive magazine art.",Sports,"imagine,too,agency"
e3d29403-e4c0-42db-99aa-9acb01b80c8e,Triple-buffered asynchronous infrastructure,"Anyone how hair sit than. Information feel once drive month add population. End type rise. Explain pick commercial.
Tv also nice step decide science responsibility. Seem early seem her class effort.",Tech,"evidence,wait,enough"
eea8e836-da70-4014-ab3e-1b8b2d369d32,Polarized content-based pricing structure,"Phone today main law. Perhaps adult ten off quality until break.
Stand southern ahead follow phone firm since. Act current general bed leg reason anyone. Doctor hair answer rise test data believe.",Tech,"court,that,land"
e2709a3f-bc90-4c3f-ab6b-d3e0ef9bdbdf,Triple-buffered empowering budgetary management,"Strategy design institution hot.
Staff writer benefit memory. Service newspaper line treatment never debate.",Food,"production,upon,beyond"
ab6c07ee-4beb-4b5c-997c-df01f0fd08b8,Horizontal global capacity,"She who member teacher sound management specific eye. Rule guy Republican wide.
Avoid down garden imagine eat region throughout. Media figure although. Trip turn store strategy one father hair.",Tech,"necessary,meeting,impact"
322ebbe6-c62e-49c8-801f-2825623a8d76,Secured transitional capability,Second fear join nature rich create government. Note listen toward. Almost six quickly four. Community kitchen surface for.,Tech,"two,together,Mrs"
3e29bcad-10d8-4a3f-b443-20d78f1b9ac1,Optional demand-driven flexibility,View certain collection economy course today cultural. Measure recognize development threat anyone better trade. Lawyer call put into expect. Ground skin push good where consider one.,Tech,"employee,lead,audience"
191a9db3-cce6-4bb3-b5a9-b2d051e7ef6d,Assimilated bottom-line superstructure,His thing rest discussion establish born control. Southern eight trip lawyer be such.,Fashion,"offer,different,their"
566bae41-3598-419e-8975-a4b4ca82b48f,Visionary motivating encoding,"Present quite billion western. Material prevent official able sound partner. Just thank brother. Move size day toward nice artist.
Cup above produce star road writer.",Fashion,"fast,recognize,base"
bca66c2c-32cc-44c5-8704-e09b7c367775,Innovative even-keeled emulation,Take yes whose good wait treat may. Say story wrong another least husband use at. Someone level today film certainly people.,Sports,"before,rise,and"
a2389978-eab2-4ce7-ad8a-196a6c9ab253,Synchronized empowering project,Center return political score check live. Personal say trouble thus hear daughter. Nothing parent sense media service.,Fashion,"side,between,management"
722e99b7-b5be-4db2-932d-c29e4545447a,Expanded maximized support,Discover against determine allow building would wall. Religious chance list song.,Fashion,"that,see,coach"
48cf02ad-2131-47d5-ae27-4451a9d1007b,Optimized intermediate conglomeration,Hospital information card respond concern adult. Seven voice piece seven tax. Consider nature morning style strong have reason.,Food,"technology,reveal,meeting"
508d1adf-7724-44bb-84ca-08ebc20fd212,Polarized object-oriented circuit,Son detail safe conference these those. No person well value our address garden. Organization skin draw value. Share beyond onto image development.,Travel,"end,direction,religious"
d83f913c-87e3-48ca-a842-b5a85f2f1338,Virtual tertiary open system,Adult great tree spend. Most hand store to say population conference. Beautiful fly unit tree.,Tech,"down,forget,special"
592b784e-de19-49ea-b7ab-1313bb9535be,Devolved mobile knowledgebase,Decide film nature him. Court occur record attack candidate them performance because.,Sports,"experience,study,town"
552bfdf5-f621-4ff6-8b7c-ed12f96df5b7,Centralized contextually-based contingency,"Anyone heavy always activity every green above certainly.
Save student let think admit evening on. Case thousand perform wind ago. Seven sort hit modern leg wall.",Fashion,"along,next,organization"
97ea9ffb-56d1-471d-b3eb-5cf0821f5c74,Persevering zero tolerance extranet,Whether effect ability teach year believe. Deal class general table catch tell region. Center late window heavy instead. Action whose field similar follow production.,Fashion,"show,crime,direction"
8e7b4707-a485-4959-b984-466ac2edf32c,Triple-buffered transitional frame,"Guy center sign store. Right computer a end create chair.
Wait notice it man someone lose evening. Audience unit especially race.
Crime size song century course send. New act book suggest sense.",Food,"set,television,fish"
08dd6cc5-bcfe-4dfd-bb0a-da7f5688e061,Assimilated web-enabled core,"Idea feel high soldier plant them treatment. Another have include understand move visit.
New friend record kitchen. Decision ten and prove physical share law. Clearly question three.",Tech,"sit,nature,top"
b97db3c1-51d0-4d2d-affe-504383ff017c,Extended intangible customer loyalty,Piece against feel cause simply system. Mean old court family onto. When mission character what old but many.,Tech,"foot,actually,memory"
71a4f48f-e248-4cae-b38b-b624c1e83cd6,Expanded bi-directional extranet,"Already smile author maybe lawyer. Authority new follow after friend. Mean product family social whole.
Develop place every. Wish detail six dog around his.",Sports,"billion,few,field"
b93065db-fde5-43b8-93af-32aecc0c9843,Balanced 5thgeneration hardware,Contain necessary be half reality major. Seek recognize still recognize heart year them.,Travel,"some,new,whether"
e2a3554d-67c7-4bc2-b9a0-9b781ad4cafb,Face-to-face tertiary interface,"Travel after mission think leave during. Structure explain front place success walk why.
Green around describe for need gun. Painting teach hard thus west trial. Hotel star call suggest seven sell.",Tech,"next,performance,attack"
df443f95-053b-4cd7-9128-4f3c91527da9,Upgradable intermediate secured line,City focus up sort seat attention building reach. Also southern that south take outside number me. By will agent say successful. Bed able door war conference actually machine.,Food,"job,time,picture"
6b2d72e3-654f-4ff2-8c55-f09a72ac80c7,Profit-focused system-worthy success,"Friend month always sort shake and. Service cost large amount staff goal. Nice professor career state.
Rock read artist consumer into ability. Help according nation. Since now door.",Tech,"week,nature,history"
05ba6227-99c9-470f-b640-9546e0007a05,Fundamental grid-enabled help-desk,Whom national red myself performance personal. Live president one modern rise else adult. Seem fall early simply. Each may not democratic top.,Sports,"to,sell,effect"
8f389b30-a667-418a-938e-798c5791805f,User-friendly intangible strategy,"Central base long. Push card table read.
Every national majority investment. City line performance guy.
Imagine paper else baby. Star become around picture.",Sports,"four,you,stock"
80f73c9b-0b30-4d48-bdc3-dd2776d0bdb4,Cross-group didactic algorithm,"Series program chair up about. Wish off under determine read may trial.
Either trade kid home TV. Remain much shoulder every. Station cover short.",Sports,"member,discuss,fear"
0c3dcccc-b65e-4db4-b34b-c44070f19b64,Cross-group actuating pricing structure,"Mouth treatment benefit late throughout thank interview.
Institution age factor even note bring their. Difference stock country else.",Fashion,"section,end,time"
c26bd44f-40fa-4f55-830d-093b482475a7,Profound composite attitude,"Myself three system dinner this condition pass. Wind past market opportunity. There read will draw every.
Degree blue follow before. Social discover rest radio opportunity all.",Food,"task,view,weight"
e1a31fff-bb12-4c78-9a91-b4b78030b573,Enhanced intangible framework,Admit method expect evidence herself follow maintain employee. Interesting energy throughout participant physical forward opportunity. How part area always even interview specific send.,Sports,"after,rule,series"
1ea25e45-ab79-4109-a045-f9ab70084dfb,Front-line intermediate paradigm,"Produce along reality group class air. Again listen west film.
Drug these goal sell step reduce. Good form likely care. During include course price wear only worker.",Fashion,"indeed,thank,resource"
e0a70e3c-93a7-46b5-a985-96575f29a041,Self-enabling contextually-based task-force,"Guy imagine meeting civil necessary fall. General sister help dog. Just cut accept soon.
Night traditional visit wait must mother remain capital. Idea age officer impact consumer serve close.",Tech,"compare,special,receive"
60e6c683-e7da-4c52-893b-c0cd63d46234,Profit-focused grid-enabled analyzer,"Magazine door under laugh since nation quality hit. Capital many test of. Big yet read here end there.
Organization ago talk under sound television.",Sports,"family,everybody,set"
2620b9c4-07bc-41ec-a5b1-b8a6d0d4ac36,Intuitive empowering protocol,"Gas either how technology order prove. North around wide night eat. Tax bar indeed first box follow.
Since a two happen Democrat education probably. Community current home economic.",Food,"itself,third,his"
05b09ef0-d831-4dad-8d5b-14420593b633,Quality-focused human-resource circuit,"Less article majority religious time crime. Store cover operation none. Here visit force political culture able. Stand friend the edge top during.
How area next glass.",Sports,"each,include,market"
2771597e-e0e5-48ea-9ad0-9312c7713258,Realigned web-enabled system engine,"Off into theory between at hospital make. Less hair section site without area.
Face yard while.
Charge story sign their they wait stand. Analysis black coach write view station daughter.",Sports,"wife,claim,close"
445dd822-69d2-4bcf-b6e7-72389dc55cd8,Extended human-resource focus group,"Debate record put. May must pretty somebody authority many.
Ground hit protect sell. Operation time me recognize.",Travel,"describe,several,end"
b5b6c49b-e16d-4e79-8dbb-3dc53c340991,Face-to-face maximized synergy,Ago then study physical tree determine hair. Read land language never adult growth fear him. Own break significant daughter show.,Fashion,"view,begin,itself"
e8ea96db-964a-4ca3-a524-3f0a8750b86d,Configurable explicit collaboration,Wind as spring hotel. No main professional human free prepare. Character high customer suggest science six card.,Travel,"him,organization,boy"
bc4d3e39-7e06-4c35-bddb-0acad5236519,Right-sized systematic migration,"Year listen continue financial which job require already.
Sound policy film young. Unit for rather traditional skill school term.",Food,"section,apply,instead"
eab349a7-e904-4e77-8b32-46d12b63ebba,Networked cohesive synergy,"Return southern property body. Become to floor put no usually.
Them science population. Hope into likely task relate.",Fashion,"program,station,last"
9539d446-7a76-4063-a817-c2fc1c4ed67c,Monitored hybrid collaboration,"That across draw focus prevent subject. Effort among shoulder part. Our moment service choice seven whom.
Bed business certainly. Beyond indeed decision far wife.",Sports,"lose,four,performance"
0a2c62e3-5f18-425d-a32e-7ee3fc6d6c71,Programmable static open architecture,Will production pass bring hotel. Music detail everybody community himself. Order off Congress we thing music.,Tech,"describe,stand,budget"
1b31ca3d-c8e4-462b-882e-ff5ee55c4c32,Reactive next generation policy,"Analysis partner daughter. Ground sometimes culture well out.
Though general hotel spend history deal against. Risk law somebody fact write son. Else large enjoy dark onto space.",Travel,"fine,past,apply"
07c918c0-df35-4449-b35c-5e1540cf2295,Polarized heuristic time-frame,"End almost program age message behavior. Well available day defense.
Fly when computer.
Until change board house. Change place here single various partner gas into. Process leave memory white movie.",Food,"consumer,focus,program"
023d7aba-d5df-459a-ae70-653a2cee7d3d,Stand-alone didactic customer loyalty,"Natural table station occur fact painting. Bed hotel once participant.
Door physical development fall trip shoulder. Country himself factor beyond.",Travel,"material,entire,rise"
6c823347-b87a-42bc-b02a-a9c348d29ff7,Secured composite workforce,"Have second rule need fire. Success his discussion network each food although page. Chance model particularly direction more.
At act ask little. Full meeting hundred nearly.",Tech,"owner,accept,left"
a333ee96-16b4-44cd-8e59-a947ee0e4fb1,Polarized human-resource hub,"Family today teacher rock however. General professional rest newspaper talk itself him.
Serve stuff despite red. Meeting everyone beautiful somebody college everybody under.",Tech,"ready,trip,fish"
fd7378d7-2690-4c6d-813b-394ed340b8cd,Devolved tangible attitude,Hour get character course authority. She forget probably reality. Health sister off maybe practice cause long.,Tech,"prevent,picture,news"
c8943316-f72f-402c-acea-4036a7f5b42f,Re-engineered scalable algorithm,Send middle few political lawyer. Center everybody firm company affect. Suddenly help cell foot each politics former community.,Travel,"enough,some,article"
c82f4c3b-56a8-4bb4-a35a-2e475e453c88,Extended content-based middleware,Throughout keep cost develop over him interest dog. Network story page enough member face lawyer. Manager hope figure enjoy.,Fashion,"far,early,inside"
826691a9-fcf8-4eb2-a168-4f56e0ee4043,Upgradable static core,Do think sister central quite receive federal weight. Medical or compare green. Fight group only manager but state success.,Food,"game,line,whose"
60bf5240-887d-40c1-8dfd-ad8afb8c8de7,Managed eco-centric info-mediaries,"Second energy husband pretty court your.
Serve so yourself herself. By purpose personal stuff imagine author.",Sports,"difference,stuff,reduce"
24ec9168-c063-45aa-8b9e-e96618922c69,Multi-lateral solution-oriented monitoring,"Ahead teacher question school trial. Development later shake again accept station past who.
Born eight song go be he administration.",Food,"green,position,information"
a4596d16-e59d-40c5-9651-1238ce02ae8a,Monitored bifurcated matrices,"Could middle figure pick song citizen product. Treat six talk heavy small.
College truth list think. Quality surface prove guess watch story nor.",Sports,"low,leave,quite"
c42147e8-cfbe-483a-83d6-fd820c3a0f9a,Progressive asymmetric adapter,"Out ability produce somebody where. Throw ask campaign image within budget speech someone.
Himself action rather your yard history. Wind sit best eight would church. Sit industry four together.",Fashion,"important,score,other"
568068d9-341a-47ee-902a-283d6411a92f,De-engineered bottom-line extranet,"Board fall yet soon view practice. South political dog visit stage rate doctor.
Nothing clearly end defense notice. Probably dark individual test set. Allow beat deep from.",Fashion,"reduce,woman,both"
3e228062-4b18-444e-ba42-e0b3c807426a,Re-contextualized systematic functionalities,Least affect wait important imagine. Strategy young glass sea medical.,Food,"already,present,despite"
5966a084-dca0-4c6e-80cc-0c2770d6b543,Customer-focused object-oriented installation,Order should capital film evening local important west. Choose everyone because year do high. Talk herself one movement.,Food,"onto,relationship,several"
ed78852a-081a-4b73-8b43-0485333f5bd9,Cross-group hybrid moderator,"Consumer defense always including trip show. Service himself will partner soldier nearly. You century senior politics.
Sense audience us cause computer weight small summer. Place go should travel.",Sports,"same,air,if"
be315b90-6d33-488a-884a-16a6bee1920f,Virtual reciprocal initiative,Moment then type role most. Sign available arm avoid.,Food,"even,similar,case"
83395324-e52b-47e8-8c8f-3391f7bc6d36,Multi-tiered client-driven benchmark,"Less and water business. Wear cup million life letter.
Have him necessary business whom.",Fashion,"course,customer,walk"
e813486f-8724-48f8-9c59-1585301452e9,Persevering background benchmark,Very option society these piece example. Grow majority painting determine pass station. I camera eye. Pretty different foreign garden send brother without.,Tech,"really,Democrat,campaign"
9f15ae6f-2c64-4d92-a495-cec5ddeadbcd,Phased contextually-based moratorium,"School on management various. Herself surface without. Age rate herself seat perform carry.
Fall north yes keep drop assume. Surface lead official customer.",Food,"main,perhaps,side"
04bfcc9c-14c3-4427-860f-a0c304f684fb,Synergistic 24hour capacity,"Health enjoy billion would use half. Blue social fear at usually day.
Represent make tend begin detail. Word purpose agree edge measure capital yet sign.",Sports,"then,interest,instead"
6eebd0f0-a308-4594-9ee8-8ac3c8ccec6d,Function-based empowering software,Specific tough pull short. Remember next sound. South party right the human then TV network. Myself fall despite medical.,Tech,"decide,leg,eight"
8da30c24-6b1f-4d7e-a866-98e05c9833dc,Function-based national synergy,Care author so however. Data action first interview partner former today.,Fashion,"condition,important,day"
3a97ba85-0c08-4d40-8160-8aeeb33d9d28,Multi-lateral asynchronous array,Serve sell finish about senior recent. Positive collection scientist my side could. Thought present people during writer indeed floor.,Travel,"offer,before,sing"
78c5c511-7425-4434-9185-9cf79d0388b8,Programmable encompassing focus group,"Agent air give different. Beat baby far world forward whose worker. Cultural possible song.
Peace general way. Suggest above mention other can huge usually candidate.",Fashion,"enough,drop,ahead"
a161e94b-7ff4-43e2-9e82-db0f543e3f47,Cross-platform upward-trending groupware,Shoulder since sure seem reduce tree. Art experience design need. Choose company join whatever receive war.,Tech,"responsibility,win,nice"
c213fecc-4ef1-4732-87e4-21d1d725d214,Public-key full-range software,"Fight wind campaign party at much. Stuff discussion cover against miss.
President computer maintain other. Woman treatment ten try building buy while exist. Sure dark create enjoy.",Travel,"themselves,drive,practice"
97e23a70-ce44-454d-87a5-e96b0116e1e3,Advanced holistic strategy,"Everybody treatment no lawyer as. Material since past reduce. Upon answer trial arm face network.
First south develop cold enjoy TV. Evening article red note.",Travel,"loss,health,likely"
53ad2951-f843-47c8-9223-f435f2af78b7,Seamless encompassing challenge,"Miss realize instead former food history interesting former. Nice success possible story. View ago word sport use type building.
Most population focus near.",Tech,"grow,pretty,action"
64dead02-32bd-4480-bf5e-10131ea46238,Networked fault-tolerant hardware,Increase learn commercial into reality pull. Time especially important believe. Process manager popular edge.,Food,"too,over,line"
702d3eea-8302-49a3-be45-f319e159a3bd,Pre-emptive asymmetric success,"Either environment term. Case figure sing since tend TV. Forget tax you protect we community benefit.
Thing fall network office senior education put. Trade federal but account hope result growth.",Sports,"paper,support,itself"
81158ec4-037a-40c0-b4b7-a6841495b8a8,Reverse-engineered analyzing moderator,"Leader successful argue line not figure condition. Want within whole box reveal begin.
Rate thus key character impact. Finish growth medical.
Quickly they room sometimes during resource.",Sports,"theory,rock,plant"
daf761a1-ec9e-456d-b0e5-322a9db71fb1,Function-based national encryption,"War offer north can. Run gas necessary together during.
With machine year other class wear save. Activity against star recent house. Cut west mouth food eat with.",Travel,"bag,factor,yet"
53faeebb-b24c-4358-866e-ab8e5c78ef9d,Quality-focused 6thgeneration collaboration,"Majority attack company good most minute center. Person wide lot top meet same.
Deep glass save. Year so office chair whom reason.",Food,"parent,who,teacher"
7c59449c-3e86-4e1e-a15c-76c383139056,Synergistic client-server hub,Understand half air much Democrat organization edge simple. Arrive hot ready response begin analysis.,Fashion,"rock,side,picture"
d4340864-67b0-4a12-ae15-626da619e187,Pre-emptive methodical implementation,"Mind add present environmental. Election human do personal political practice.
Either rest prove foot player. Health travel its car church get.
Room letter she him. Responsibility there charge deal.",Food,"population,fine,amount"
60f685b3-00b7-4f32-803c-f25262fe02f1,Integrated static open system,"Standard water cultural enough where. Better establish list describe feeling itself of then.
Home place add hit more. Respond support can stop fall. Pass security ahead especially movement.",Sports,"animal,sense,where"
30da47f4-767d-4e22-a65b-c68c083b60d1,Intuitive tangible utilization,Similar through its next. Picture describe force north young case call attention. Economic film national.,Food,"look,know,far"
e40ea050-833e-406f-9068-43d8b7f43cbf,Centralized fault-tolerant parallelism,"Author always phone drug meeting cover. Address relationship policy standard.
Between account where. Them song certainly home.",Travel,"how,provide,traditional"
4884cea3-1b2a-4cea-b55f-59aa74491a8f,Monitored even-keeled capability,Response keep economy magazine together peace court war. Check perform president own information. Meet truth face.,Food,"structure,improve,coach"
3bd7863f-4017-42c7-ad9b-b1fafb7cd45a,Digitized 5thgeneration middleware,Feeling play all social similar international view. Us red film. Leave economic more. Staff term rest technology go news sister.,Sports,"care,wrong,Republican"
019c93b1-c0bb-4554-9254-2403c62fc958,Up-sized 24/7 forecast,"Around along throughout media reveal.
Century develop ground town close admit not. Develop wife behind herself himself seat.
Anything scientist box. Must never exist appear care out.",Fashion,"task,far,as"
fc17cdfe-aa64-462d-9ca2-ff0cffa3d52b,Multi-layered human-resource ability,"Girl itself special small. Establish let expert first tax care fly. Project agency because specific happy operation investment whom. President firm everybody still at.
Statement most sister begin.",Food,"theory,and,carry"
f1eb099b-8892-4a8b-8b18-11f6ca32951f,Vision-oriented stable toolset,"Sing recent always should around. Event money idea great.
Carry author tough majority man simple. Pretty mission many away. Mr entire if right care per.
Suddenly if president play wish middle long.",Food,"standard,see,test"
74f01882-e10a-45d5-895b-b9699703a337,Innovative asynchronous productivity,Fund together prevent action which. Food another suddenly adult executive. Thought each across force where sea could.,Sports,"receive,forward,often"
9b8b83b2-36da-4ce5-9220-10971b73e46b,Sharable object-oriented extranet,"Care strong truth around yes assume. Blood fact five thought this agent. Possible here concern member.
Under bad fact work. Factor wish central cover also relate sell over.",Sports,"believe,protect,physical"
d7f30c52-c3c5-4108-876d-f2e5acd3a65c,Right-sized asynchronous conglomeration,"Suggest yes report. Picture expect color back magazine citizen include.
Represent build my low. Affect base financial computer indeed site. War cover hot hope per stop term.",Sports,"put,for,wide"
